benchmark,mode,dtype,acc,M,K,N,mnk,ticks,log_ticks,host_seconds
me_matmul_00287_3845d8be,f16->f32,f16,f32,64,64,192,786432,513410500.0,20.056586278081543,48.0
me_matmul_00649_3a1a7e2b,f16->f16,f16,f16,64,128,128,1048576,392193500.0,19.787265898412233,21.0
me_matmul_00281_17f4a19f,f16->f32,f16,f32,320,64,64,1310720,715429000.0,20.38839292073025,28.0
me_matmul_00483_cc6fcec0,f16->f32,f16,f32,128,64,192,1572864,811286000.0,20.51413120096101,29.0
me_matmul_00629_e6fe19fd,f16->f16,f16,f16,192,128,64,1572864,441846000.0,19.906471963041323,42.0
me_matmul_00710_50209450,f16->f16,f16,f16,192,64,128,1572864,564226500.0,20.150966324589024,27.0
me_matmul_00364_5543d507,f16->f32,f16,f32,256,64,128,2097152,1023008000.0,20.746013144022175,35.0
me_matmul_00383_e5fbecaf,f16->f32,f16,f32,128,256,64,2097152,512435500.0,20.054685407398065,24.0
me_matmul_00396_dd664b62,f16->f32,f16,f32,512,64,64,2097152,1043991500.0,20.76631718461126,36.0
me_matmul_00505_d66b8eee,f16->f32,f16,f32,64,128,256,2097152,686198500.0,20.346677502434616,29.0
me_matmul_00385_36f3286e,f16->f32,f16,f32,128,384,64,3145728,563792000.0,20.15019594711474,48.0
me_matmul_00442_96ac8766,f16->f32,f16,f32,128,128,192,3145728,831150000.0,20.538320841945744,31.0
me_matmul_00573_d7e03827,f16->f16,f16,f16,128,384,64,3145728,479282000.0,19.987799708657292,25.0
me_matmul_00351_750577fb,f16->f32,f16,f32,832,64,64,3407872,1568693000.0,21.173508625522892,46.0
me_matmul_00276_452421e9,f16->f32,f16,f32,448,64,128,3670016,1629438500.0,21.211501313891116,56.0
me_matmul_00692_aa74f6c3,f16->f16,f16,f16,64,896,64,3670016,526414500.0,20.081599483188715,32.0
me_matmul_00288_8b09cf6c,f16->f32,f16,f32,960,64,64,3932160,1778545000.0,21.29906145125366,50.0
me_matmul_00507_bcd60d51,f16->f32,f16,f32,192,64,320,3932160,1702629000.0,21.25543936404258,66.0
me_matmul_00124_8bab5239,f8E5M2->f32,f8E5M2,f32,256,128,128,4194304,988155500.0,20.711350631991813,63.0
me_matmul_00393_f3903e1e,f16->f32,f16,f32,128,256,128,4194304,706497500.0,20.375830221512178,30.0
me_matmul_00633_3021c812,f16->f16,f16,f16,512,64,128,4194304,1229595000.0,20.92995068381735,73.0
me_matmul_00702_76725185,f16->f16,f16,f16,512,128,64,4194304,761341000.0,20.450591910073904,34.0
me_matmul_00765_018b68cb,f16->f16,f16,f16,128,128,256,4194304,779186000.0,20.473760342985397,36.0
me_matmul_00306_e715d566,f16->f32,f16,f32,192,128,192,4718592,1168532500.0,20.879014524992428,38.0
me_matmul_00407_b1722548,f16->f32,f16,f32,192,192,128,4718592,882124000.0,20.597843193658438,44.0
me_matmul_00712_1e89229e,f16->f16,f16,f16,576,128,64,4718592,830026000.0,20.536967583565495,34.0
me_matmul_00780_8b68a11d,f16->f16,f16,f16,64,576,128,4718592,582936000.0,20.183587961273393,26.0
me_matmul_00427_b7abda6e,f16->f32,f16,f32,64,1216,64,4980736,650993000.0,20.29400944742686,56.0
me_matmul_00386_78be1e17,f16->f32,f16,f32,256,320,64,5242880,793105500.0,20.49146680984226,33.0
me_matmul_00479_c2e1ed18,f16->f32,f16,f32,128,640,64,5242880,666612500.0,20.317719475537288,28.0
me_matmul_00544_39b3204a,f16->f16,f16,f16,640,128,64,5242880,898597500.0,20.616345772490966,34.0
me_matmul_00681_3f176304,f16->f16,f16,f16,128,128,320,5242880,906400500.0,20.62499181931075,34.0
me_matmul_00737_514c9f06,f16->f16,f16,f16,128,640,64,5242880,580456000.0,20.179324559502543,27.0
me_matmul_00268_fdb85898,f16->f32,f16,f32,704,64,128,5767168,2442538000.0,21.61630349959028,70.0
me_matmul_00313_4c2613e1,f16->f32,f16,f32,64,1408,64,5767168,704202000.0,20.372575804783438,29.0
me_matmul_00697_25d73f92,f16->f16,f16,f16,128,704,64,5767168,605710500.0,20.221912707115433,29.0
me_matmul_00763_5b44bc6c,f16->f16,f16,f16,704,64,128,5767168,1610909500.0,21.200064763275282,62.0
me_matmul_00164_64e3f53e,f8E5M2->f32,f8E5M2,f32,128,384,128,6291456,724149500.0,20.400508420746217,29.0
me_matmul_00243_67e9a364,f8E5M2->f32,f8E5M2,f32,384,128,128,6291456,1367695000.0,21.036392678072634,51.0
me_matmul_00453_9ba63e1c,f16->f32,f16,f32,128,64,768,6291456,2602879000.0,21.679883977053183,95.0
me_matmul_00508_755ec99f,f16->f32,f16,f32,64,128,768,6291456,1599787000.0,21.193136332330226,55.0
me_matmul_00680_ca2d55c0,f16->f16,f16,f16,64,64,1600,6553600,1898592500.0,21.364378659125016,69.0
me_matmul_00693_0175996e,f16->f16,f16,f16,1600,64,64,6553600,1725872000.0,21.268998266950366,69.0
me_matmul_00341_0311a660,f16->f32,f16,f32,192,64,576,7077888,2869454500.0,21.777387778966,73.0
me_matmul_00532_74bc0f6b,f16->f16,f16,f16,64,192,576,7077888,979349500.0,20.70239913372219,35.0
me_matmul_00613_56639753,f16->f16,f16,f16,192,192,192,7077888,921969000.0,20.642022158395964,32.0
me_matmul_00286_874e2ee5,f16->f32,f16,f32,128,64,896,7340032,3000867500.0,21.822167250480565,82.0
me_matmul_00568_c24dd10a,f16->f16,f16,f16,64,128,896,7340032,1246277000.0,20.943426544000623,43.0
me_matmul_00720_d4c272a9,f16->f16,f16,f16,128,320,192,7864320,760309500.0,20.44923614518834,33.0
me_matmul_00624_3c067f71,f16->f16,f16,f16,64,64,1984,8126464,2302225000.0,21.55714188356445,63.0
me_matmul_00044_441f0d61,f8E5M2->f32,f8E5M2,f32,128,512,128,8388608,777424000.0,20.47149644804376,59.0
me_matmul_00103_b1f529dc,f8E5M2->f32,f8E5M2,f32,128,128,512,8388608,1768070000.0,21.29315439313827,71.0
me_matmul_00120_008a860c,f8E5M2->f32,f8E5M2,f32,128,256,256,8388608,1093376500.0,20.812536451602288,36.0
me_matmul_00229_3af00d5f,f8E5M2->f32,f8E5M2,f32,256,128,256,8388608,1731310000.0,21.272144184339094,71.0
me_matmul_00331_06667e9c,f16->f32,f16,f32,128,128,512,8388608,1903750000.0,21.367091462173647,94.0
me_matmul_00388_b60db367,f16->f32,f16,f32,2048,64,64,8388608,3488985000.0,21.972876699915666,113.0
me_matmul_00622_5a28286f,f16->f16,f16,f16,128,512,128,8388608,734941500.0,20.415301462172778,28.0
me_matmul_00764_4af1a0be,f16->f16,f16,f16,512,64,256,8388608,2201886000.0,21.512580102789563,66.0
me_matmul_00359_38133f5a,f16->f32,f16,f32,128,128,576,9437184,2125963000.0,21.477490713139936,66.0
me_matmul_00597_858daa7a,f16->f16,f16,f16,128,192,384,9437184,1073487500.0,20.79417853106068,75.0
me_matmul_00401_8c5cd741,f16->f32,f16,f32,832,192,64,10223616,1770706500.0,21.294644456434337,78.0
me_matmul_00592_e29ef34d,f16->f16,f16,f16,64,832,192,10223616,884145500.0,20.600132199818198,46.0
me_matmul_00392_651fbff7,f16->f32,f16,f32,128,320,256,10485760,1269653000.0,20.96200947173679,68.0
me_matmul_00490_c088b90d,f16->f32,f16,f32,256,320,128,10485760,1251180000.0,20.947352942972834,38.0
me_matmul_00700_d04dccde,f16->f16,f16,f16,448,384,64,11010048,992449500.0,20.715686687619016,43.0
me_matmul_00358_917b57c4,f16->f32,f16,f32,704,256,64,11534336,1629876500.0,21.211770082023463,94.0
me_matmul_00486_b59ff24c,f16->f32,f16,f32,256,64,704,11534336,4504400500.0,22.228320644789715,100.0
me_matmul_00398_0f335be8,f16->f32,f16,f32,192,960,64,11796480,991344500.0,20.71457266054334,37.0
me_matmul_00418_d28fe52c,f16->f32,f16,f32,576,64,320,11796480,4615536500.0,22.25269394949884,107.0
me_matmul_00559_44093b8a,f16->f16,f16,f16,320,576,64,11796480,936440000.0,20.65759600945639,58.0
me_matmul_00611_ebc21001,f16->f16,f16,f16,192,192,320,11796480,1294275000.0,20.981216529766026,43.0
me_matmul_00062_be0bb957,f8E5M2->f32,f8E5M2,f32,128,256,384,12582912,1588463000.0,21.186032718988344,46.0
me_matmul_00237_20742fd4,f8E5M2->f32,f8E5M2,f32,384,128,256,12582912,2638034000.0,21.69329977971041,70.0
me_matmul_00290_21c3e5ba,f16->f32,f16,f32,128,384,256,12582912,1341589500.0,21.017120941966798,40.0
me_matmul_00305_3f8e3a10,f16->f32,f16,f32,3072,64,64,12582912,5157681000.0,22.363752896816422,148.0
me_matmul_00417_86cc1d15,f16->f32,f16,f32,192,128,512,12582912,2681227500.0,21.709540548997,67.0
me_matmul_00430_823fb0b0,f16->f32,f16,f32,128,256,384,12582912,1665716000.0,21.233520897972433,92.0
me_matmul_00469_38e82d50,f16->f32,f16,f32,64,768,256,12582912,1193534500.0,20.900184909902666,41.0
me_matmul_00564_cbd7205e,f16->f16,f16,f16,512,128,192,12582912,1808754000.0,21.315904047379533,54.0
me_matmul_00755_cd96e203,f16->f16,f16,f16,128,192,512,12582912,1428805000.0,21.080104267520476,46.0
me_matmul_00774_54d71637,f16->f16,f16,f16,1536,128,64,12582912,2003308500.0,21.41806590074193,72.0
me_matmul_00498_a29f9022,f16->f32,f16,f32,128,320,320,13107200,1498772500.0,21.127912276703736,55.0
me_matmul_00718_651def49,f16->f16,f16,f16,1664,128,64,13631488,2152497500.0,21.4898946328253,64.0
me_matmul_00333_b2fb3f12,f16->f32,f16,f32,192,192,384,14155776,2188807500.0,21.50662271192172,88.0
me_matmul_00377_1ac86ddb,f16->f32,f16,f32,448,128,256,14680064,3119559500.0,21.8609576429027,79.0
me_matmul_00330_0732df41,f16->f32,f16,f32,128,128,960,15728640,3391656000.0,21.94458413463887,83.0
me_matmul_00439_038dc27b,f16->f32,f16,f32,128,384,320,15728640,1577760500.0,21.179272273453222,47.0
me_matmul_00536_cc01a22f,f16->f16,f16,f16,384,128,320,15728640,2148440000.0,21.488007834329053,62.0
me_matmul_00574_3b519788,f16->f16,f16,f16,192,320,256,15728640,1171610000.0,20.88164470821772,41.0
me_matmul_00614_89d52bc0,f16->f16,f16,f16,128,640,192,15728640,999209500.0,20.72247502433653,68.0
me_matmul_00698_73be664e,f16->f16,f16,f16,320,192,256,15728640,1641101500.0,21.21863349967052,53.0
me_matmul_00357_88a98d51,f16->f32,f16,f32,448,576,64,16515072,1447965000.0,21.093424959347086,88.0
me_matmul_00529_f1b8125d,f16->f16,f16,f16,192,448,192,16515072,1108886500.0,20.826622195622626,78.0
me_matmul_00759_d0e7cb05,f16->f16,f16,f16,64,576,448,16515072,1305047000.0,20.9895048923982,45.0
me_matmul_00199_6ea17fcb,f8E5M2->f32,f8E5M2,f32,512,128,256,16777216,3431630000.0,21.956301203902527,84.0
me_matmul_00258_3034406d,f8E5M2->f32,f8E5M2,f32,256,256,256,16777216,1862556000.0,21.345215574880076,86.0
me_matmul_00474_5569e29e,f16->f32,f16,f32,2048,128,64,16777216,3833004000.0,22.06691466691329,93.0
me_matmul_00435_ab849f4c,f16->f32,f16,f32,128,704,192,17301504,1312085500.0,20.994883693027916,78.0
me_matmul_00618_a8f29f26,f16->f16,f16,f16,704,128,192,17301504,2392722500.0,21.595697675922317,65.0
me_matmul_00502_cc462159,f16->f32,f16,f32,1088,64,256,17825792,7768693500.0,22.773367840469575,208.0
me_matmul_00511_e9877d55,f16->f32,f16,f32,2176,64,128,17825792,8132266000.0,22.819105442457914,229.0
me_matmul_00555_faf62556,f16->f16,f16,f16,64,128,2240,18350080,2965620000.0,21.810351953775896,88.0
me_matmul_00637_472737cc,f16->f16,f16,f16,128,320,448,18350080,1397202500.0,21.057737860188222,46.0
me_matmul_00057_82fb4c2d,f8E5M2->f32,f8E5M2,f32,384,128,384,18874368,3588870500.0,22.001103365986665,83.0
me_matmul_00214_a0a5d417,f8E5M2->f32,f8E5M2,f32,128,1152,128,18874368,1044185500.0,20.76650299261562,35.0
me_matmul_00218_146ecd80,f8E5M2->f32,f8E5M2,f32,128,128,1152,18874368,3763753500.0,22.0486825676834,99.0
me_matmul_00303_a82e9452,f16->f32,f16,f32,128,768,192,18874368,1361058000.0,21.031528175431447,48.0
me_matmul_00352_179fbdc8,f16->f32,f16,f32,64,192,1536,18874368,3245165500.0,21.900432187342762,79.0
me_matmul_00496_c49b1808,f16->f32,f16,f32,384,256,192,18874368,2249873000.0,21.534139607125248,61.0
me_matmul_00659_ef683976,f16->f16,f16,f16,576,256,128,18874368,1640354500.0,21.218178213960215,52.0
me_matmul_00679_8dce0589,f16->f16,f16,f16,512,576,64,18874368,1305392500.0,20.989769598783482,89.0
me_matmul_00782_b72dbd9e,f16->f16,f16,f16,128,192,768,18874368,2025177500.0,21.428923187984484,71.0
me_matmul_00296_af441f57,f16->f32,f16,f32,64,128,2368,19398656,4942521500.0,22.321141463024876,106.0
me_matmul_00487_37580d52,f16->f32,f16,f32,192,320,320,19660800,2023217500.0,21.42795490294652,55.0
me_matmul_00726_e2106656,f16->f16,f16,f16,320,320,192,19660800,1436111500.0,21.085204950797685,73.0
me_matmul_00356_15db19aa,f16->f32,f16,f32,1216,256,64,19922944,2635438500.0,21.69231541875676,76.0
me_matmul_00141_dc4b7d97,f8E5M2->f32,f8E5M2,f32,128,640,256,20971520,1416121500.0,21.07118763362164,44.0
me_matmul_00415_3854caa7,f16->f32,f16,f32,1024,320,64,20971520,2438637000.0,21.614705113615376,125.0
me_matmul_00566_8d82c963,f16->f16,f16,f16,128,320,512,20971520,1638416000.0,21.21699575838678,49.0
me_matmul_00650_d3ffadf1,f16->f16,f16,f16,192,1728,64,21233664,1282763000.0,20.972282182211703,43.0
me_matmul_00266_0fe5b3a6,f16->f32,f16,f32,896,192,128,22020096,3332889000.0,21.92710533238711,80.0
me_matmul_00510_df2fa4d5,f16->f32,f16,f32,128,64,2688,22020096,10556174000.0,23.07997673896812,236.0
me_matmul_00299_4f77d7af,f16->f32,f16,f32,192,64,1856,22806528,9447246500.0,22.96898916033255,251.0
me_matmul_00321_ade939ce,f16->f32,f16,f32,256,1408,64,23068672,1481245000.0,21.116148787314593,56.0
me_matmul_00476_19ea2733,f16->f32,f16,f32,640,192,192,23592960,3399880500.0,21.94700612089203,91.0
me_matmul_00606_71c783d9,f16->f16,f16,f16,128,320,576,23592960,1810949500.0,21.31711713031256,53.0
me_matmul_00615_bed22c8b,f16->f16,f16,f16,64,192,1920,23592960,2955361000.0,21.80688664616348,90.0
me_matmul_00301_57e7fdbb,f16->f32,f16,f32,128,64,3008,24641536,11895574000.0,23.199432235106638,312.0
me_matmul_00466_105bb787,f16->f32,f16,f32,1216,320,64,24903680,2792676500.0,21.750266291923705,73.0
me_matmul_00023_286fbd93,f8E5M2->f32,f8E5M2,f32,384,256,256,25165824,2603829500.0,21.6802490829586,84.0
me_matmul_00094_664eb3d8,f8E5M2->f32,f8E5M2,f32,128,256,768,25165824,2927386000.0,21.79737571160192,73.0
me_matmul_00095_d7aabcce,f8E5M2->f32,f8E5M2,f32,128,512,384,25165824,1842270000.0,21.334264343842317,53.0
me_matmul_00158_7894f596,f8E5M2->f32,f8E5M2,f32,384,128,512,25165824,4950595500.0,22.322773709321485,125.0
me_matmul_00178_071a8425,f8E5M2->f32,f8E5M2,f32,384,512,128,25165824,1709249000.0,21.259319929706084,99.0
me_matmul_00571_b46f1372,f16->f16,f16,f16,64,384,1024,25165824,2188002500.0,21.50625486410147,63.0
me_matmul_00402_065c67c8,f16->f32,f16,f32,320,128,640,26214400,5252544500.0,22.38197846280366,122.0
me_matmul_00527_6dccf190,f16->f16,f16,f16,1280,64,320,26214400,6224630000.0,22.551779839779684,149.0
me_matmul_00699_2d83d6d0,f16->f16,f16,f16,256,320,320,26214400,1701673000.0,21.254877721729336,68.0
me_matmul_00703_b2830fa2,f16->f16,f16,f16,128,320,640,26214400,2004368500.0,21.418594885500294,113.0
me_matmul_00315_3ec4661b,f16->f32,f16,f32,192,1088,128,26738688,1563570000.0,21.170237505206302,47.0
me_matmul_00102_43dfcc86,f8E5M2->f32,f8E5M2,f32,128,128,1664,27262976,5344802500.0,22.39939043031978,118.0
me_matmul_00438_ff6ef581,f16->f32,f16,f32,256,128,832,27262976,5487775500.0,22.425788819098862,136.0
me_matmul_00647_9c5f4ae4,f16->f16,f16,f16,448,960,64,27525120,1561588500.0,21.168969409354183,73.0
me_matmul_00768_ba5e1158,f16->f16,f16,f16,256,192,576,28311552,2690190500.0,21.71287784589656,99.0
me_matmul_00369_a47c01e3,f16->f32,f16,f32,704,64,640,28835840,12087900000.0,23.215470789215523,368.0
me_matmul_00175_e903a104,f8E5M2->f32,f8E5M2,f32,128,896,256,29360128,1606945000.0,21.19760069785162,59.0
me_matmul_00425_dce0a6f4,f16->f32,f16,f32,64,256,1792,29360128,4068299000.0,22.12649081292334,148.0
me_matmul_00671_2375518c,f16->f16,f16,f16,1792,128,128,29360128,3662258500.0,22.021345870549002,100.0
me_matmul_00477_9065456c,f16->f32,f16,f32,128,128,1856,30408704,6460886000.0,22.589032297039275,150.0
me_matmul_00294_ae1e7d73,f16->f32,f16,f32,1088,448,64,31195136,2808315500.0,21.755850674348196,77.0
me_matmul_00017_0ef2abcc,f8E5M2->f32,f8E5M2,f32,640,128,384,31457280,6113685000.0,22.53379553798868,142.0
me_matmul_00079_5f26a1ed,f8E5M2->f32,f8E5M2,f32,128,384,640,31457280,2679338000.0,21.70883558603059,99.0
me_matmul_00221_62b08ee9,f8E5M2->f32,f8E5M2,f32,384,128,640,31457280,6107181500.0,22.53273121073923,141.0
me_matmul_00308_635427b6,f16->f32,f16,f32,192,512,320,31457280,2292460500.0,21.552891531848307,61.0
me_matmul_00627_26b33187,f16->f16,f16,f16,384,256,320,31457280,2368599500.0,21.585564689156485,64.0
me_matmul_00741_dc5a2971,f16->f16,f16,f16,128,64,3840,31457280,7940651000.0,22.795261098768897,201.0
me_matmul_00748_052ad462,f16->f16,f16,f16,768,64,640,31457280,7640621500.0,22.7567447849838,191.0
me_matmul_00708_ba3f9009,f16->f16,f16,f16,1600,64,320,32768000,7947130000.0,22.796076694144887,231.0
me_matmul_00420_d9b6d8d0,f16->f32,f16,f32,384,448,192,33030144,2516788500.0,21.646249520963508,104.0
me_matmul_00557_6d00a89a,f16->f16,f16,f16,128,64,4032,33030144,8886812500.0,22.907834273246802,204.0
me_matmul_00638_8383f223,f16->f16,f16,f16,384,448,192,33030144,1833628000.0,21.32956235487421,55.0
me_matmul_00088_322b27bb,f8E5M2->f32,f8E5M2,f32,256,1024,128,33554432,1538850500.0,21.15430154608401,51.0
me_matmul_00110_f2dd19f4,f8E5M2->f32,f8E5M2,f32,256,512,256,33554432,2063440500.0,21.447640572236704,58.0
me_matmul_00112_8ec83ee9,f8E5M2->f32,f8E5M2,f32,256,256,512,33554432,3413250500.0,21.950930900017077,80.0
me_matmul_00643_d5a01cbe,f16->f16,f16,f16,128,512,512,33554432,1872440000.0,21.35050823011864,55.0
me_matmul_00542_2de0296b,f16->f16,f16,f16,704,128,384,34603008,4456267000.0,22.217577256986363,133.0
me_matmul_00604_815a2458,f16->f16,f16,f16,704,192,256,34603008,3239694500.0,21.8987448721816,158.0
me_matmul_00411_da033a47,f16->f32,f16,f32,64,320,1792,36700160,4384871000.0,22.201426043865762,114.0
me_matmul_00076_def89567,f8E5M2->f32,f8E5M2,f32,128,256,1152,37748736,4235107500.0,22.16667454843547,134.0
me_matmul_00184_b14d7812,f8E5M2->f32,f8E5M2,f32,384,256,384,37748736,3752174000.0,22.045601242281613,94.0
me_matmul_00230_4d5159b9,f8E5M2->f32,f8E5M2,f32,128,1152,256,37748736,1791024000.0,21.306053360270212,98.0
me_matmul_00550_aef6a540,f16->f16,f16,f16,256,384,384,37748736,2075707500.0,21.453567896369528,72.0
me_matmul_00578_f997739f,f16->f16,f16,f16,64,2304,256,37748736,2249762500.0,21.534090492035805,119.0
me_matmul_00623_5a426f16,f16->f16,f16,f16,576,512,128,37748736,2015701500.0,21.424233110716568,69.0
me_matmul_00683_50f0d5e9,f16->f16,f16,f16,1920,64,320,39321600,10597812000.0,23.083913401663565,272.0
me_matmul_00734_c7daa4ac,f16->f16,f16,f16,1216,64,512,39845888,9949052000.0,23.02074310719592,278.0
me_matmul_00374_5711a10d,f16->f32,f16,f32,704,896,64,40370176,2581297000.0,21.671557822740294,72.0
me_matmul_00123_2309b415,f8E5M2->f32,f8E5M2,f32,128,2560,128,41943040,1630639500.0,21.21223810611163,46.0
me_matmul_00238_ecd5ae65,f8E5M2->f32,f8E5M2,f32,128,1280,256,41943040,1880989000.0,21.35506353929499,93.0
me_matmul_00251_ae66681f,f8E5M2->f32,f8E5M2,f32,640,128,512,41943040,9426547000.0,22.966795694742363,185.0
me_matmul_00253_a6d8c01d,f8E5M2->f32,f8E5M2,f32,256,640,256,41943040,2171041000.0,21.498472612970552,64.0
me_matmul_00577_c871bcf2,f16->f16,f16,f16,640,128,512,41943040,5197518000.0,22.37144704089391,143.0
me_matmul_00371_c613d386,f16->f32,f16,f32,1152,192,192,42467328,6058782000.0,22.524774626727407,227.0
me_matmul_00580_7666e548,f16->f16,f16,f16,384,1728,64,42467328,2060967500.0,21.446441369686248,62.0
me_matmul_00670_498f2601,f16->f16,f16,f16,256,2624,64,42991616,2106205500.0,21.468153824245316,69.0
me_matmul_00143_7b6fa55f,f8E5M2->f32,f8E5M2,f32,128,896,384,44040192,2223113500.0,21.522174527755105,112.0
me_matmul_00262_213ce133,f16->f32,f16,f32,128,1344,256,44040192,2247390500.0,21.53303560232226,63.0
me_matmul_00391_7d497292,f16->f32,f16,f32,384,64,1792,44040192,18243168000.0,23.627056490721767,396.0
me_matmul_00523_1f26d2c9,f16->f32,f16,f32,448,256,384,44040192,4731042500.0,22.2774114168567,106.0
me_matmul_00646_e9b165ac,f16->f16,f16,f16,448,256,384,44040192,3218069000.0,21.8920473271761,141.0
me_matmul_00729_2ae470f3,f16->f16,f16,f16,192,256,896,44040192,3358521000.0,21.93476653544307,98.0
me_matmul_00370_9b905833,f16->f32,f16,f32,1856,128,192,45613056,11279866000.0,23.146285203513138,221.0
me_matmul_00380_c5d2c503,f16->f32,f16,f32,1856,64,384,45613056,20057976500.0,23.721892742009388,430.0
me_matmul_00191_c86f5c2d,f8E5M2->f32,f8E5M2,f32,256,128,1408,46137344,9640226500.0,22.989210441143463,276.0
me_matmul_00521_1e82f413,f16->f32,f16,f32,128,128,2816,46137344,10025831000.0,23.02843069947171,220.0
me_matmul_00760_3737c6c1,f16->f16,f16,f16,128,1920,192,47185920,1993169500.0,21.412991922227555,64.0
me_matmul_00403_945874b5,f16->f32,f16,f32,128,128,2944,48234496,10457301500.0,23.070566279508316,348.0
me_matmul_00660_b312980b,f16->f16,f16,f16,2944,128,128,48234496,5907445500.0,22.499479341422052,164.0
me_matmul_00784_bdaba0d8,f16->f16,f16,f16,3008,128,128,49283072,6537885500.0,22.60087963209416,159.0
me_matmul_00777_10b09a5e,f16->f16,f16,f16,320,128,1216,49807360,6226195500.0,22.55203130905106,147.0
me_matmul_00067_9639c959,f8E5M2->f32,f8E5M2,f32,256,256,768,50331648,5008936000.0,22.334489354238865,167.0
me_matmul_00222_74c82a08,f8E5M2->f32,f8E5M2,f32,384,256,512,50331648,5152350000.0,22.36271875822361,112.0
me_matmul_00284_ee670724,f16->f32,f16,f32,192,1024,256,50331648,2488907000.0,21.635109495230424,68.0
me_matmul_00594_e72da637,f16->f16,f16,f16,512,256,384,50331648,3615591500.0,22.00852130296199,89.0
me_matmul_00730_b14457a6,f16->f16,f16,f16,256,128,1536,50331648,6379660500.0,22.576380719721094,206.0
me_matmul_00775_29a87e66,f16->f16,f16,f16,384,256,512,50331648,3563761500.0,21.994082425123867,95.0
me_matmul_00354_7d190dc0,f16->f32,f16,f32,320,2496,64,51118080,2586543000.0,21.67358807205218,121.0
me_matmul_00394_893bef60,f16->f32,f16,f32,832,960,64,51118080,3100656500.0,21.85487970021007,110.0
me_matmul_00365_78eb38f0,f16->f32,f16,f32,128,448,896,51380224,4061527000.0,22.124824848223412,177.0
me_matmul_00008_d406810e,f8E5M2->f32,f8E5M2,f32,640,128,640,52428800,10606632500.0,23.084745349938252,377.0
me_matmul_00153_b1e1f948,f8E5M2->f32,f8E5M2,f32,128,128,3200,52428800,11399110000.0,23.156801119123788,310.0
me_matmul_00247_738ce60c,f8E5M2->f32,f8E5M2,f32,128,3200,128,52428800,1897162000.0,21.363624922249922,68.0
me_matmul_00413_66a12fe1,f16->f32,f16,f32,512,64,1600,52428800,21655341500.0,23.79851798151867,471.0
me_matmul_00423_28129af9,f16->f32,f16,f32,2560,320,64,52428800,5624882500.0,22.45046589592983,199.0
me_matmul_00524_93e3958b,f16->f16,f16,f16,320,640,256,52428800,2252451000.0,21.53528479360305,106.0
me_matmul_00656_88b304b9,f16->f16,f16,f16,320,512,320,52428800,2425681000.0,21.609378146654237,81.0
me_matmul_00690_b866e94a,f16->f16,f16,f16,3200,128,128,52428800,6434177000.0,22.58488977548743,189.0
me_matmul_00545_d57524aa,f16->f16,f16,f16,128,384,1088,53477376,3389136500.0,21.94384100612817,91.0
me_matmul_00472_af5f07ab,f16->f32,f16,f32,960,448,128,55050240,4149264500.0,22.146196926566454,123.0
me_matmul_00779_ab6d12d1,f16->f16,f16,f16,384,448,320,55050240,2698953500.0,21.71612994223068,102.0
me_matmul_00192_0f1b6024,f8E5M2->f32,f8E5M2,f32,1152,128,384,56623104,12555103500.0,23.25339307324958,242.0
me_matmul_00753_a8e6600b,f16->f16,f16,f16,2304,128,192,56623104,7464527500.0,22.733427970555894,201.0
me_matmul_00367_a78077c4,f16->f32,f16,f32,64,640,1408,57671680,4732169000.0,22.277649496710527,163.0
me_matmul_00179_7222406a,f8E5M2->f32,f8E5M2,f32,128,512,896,58720256,3924189000.0,22.09042554262724,99.0
me_matmul_00558_8f4fe89d,f16->f16,f16,f16,128,896,512,58720256,2581540000.0,21.67165195703126,137.0
me_matmul_00460_2dc9d82c,f16->f32,f16,f32,448,704,192,60555264,3242399000.0,21.899579324864803,95.0
me_matmul_00465_89a1e943,f16->f32,f16,f32,576,832,128,61341696,3198650500.0,21.885994839053733,95.0
me_matmul_00041_15c17314,f8E5M2->f32,f8E5M2,f32,3840,128,128,62914560,15080050000.0,23.436638515170593,308.0
me_matmul_00093_05f8947b,f8E5M2->f32,f8E5M2,f32,384,640,256,62914560,3143037000.0,21.868455366884724,138.0
me_matmul_00047_1e321a3a,f8E5M2->f32,f8E5M2,f32,128,128,3968,65011712,14495894000.0,23.397131273858268,300.0
me_matmul_00436_81c89976,f16->f32,f16,f32,896,192,384,66060288,10765236500.0,23.099587936866516,216.0
me_matmul_00750_d2f509e9,f16->f16,f16,f16,1344,64,768,66060288,17298095500.0,23.573862245684957,387.0
me_matmul_00756_f3197f93,f16->f16,f16,f16,256,1344,192,66060288,2272458000.0,21.54412790199693,67.0
me_matmul_00169_d0488242,f8E5M2->f32,f8E5M2,f32,512,128,1024,67108864,14863332000.0,23.422163077211472,293.0
me_matmul_00228_07f245fd,f8E5M2->f32,f8E5M2,f32,1024,128,512,67108864,15651526000.0,23.4738342571662,291.0
me_matmul_00501_77a03197,f16->f32,f16,f32,512,512,256,67108864,4259557500.0,22.172431118593057,99.0
me_matmul_00520_3feb600b,f16->f32,f16,f32,1024,128,512,67108864,18080288500.0,23.61808814864154,352.0
me_matmul_00323_b5a04532,f16->f32,f16,f32,320,832,256,68157440,3315781500.0,21.921959179406706,82.0
me_matmul_00586_305b6f4d,f16->f16,f16,f16,1408,256,192,69206016,4985777000.0,22.329855095816928,209.0
me_matmul_00475_50a7d18e,f16->f32,f16,f32,64,320,3392,69468160,8740096500.0,22.891187067742834,342.0
me_matmul_00770_c315ae54,f16->f16,f16,f16,64,320,3392,69468160,6118934000.0,22.534653735292487,321.0
me_matmul_00595_abdc4f03,f16->f16,f16,f16,384,576,320,70778880,2919359000.0,21.794629908580493,153.0
me_matmul_00036_d2caeee4,f8E5M2->f32,f8E5M2,f32,2176,128,256,71303168,17960738500.0,23.61145401812877,466.0
me_matmul_00424_56f87a2f,f16->f32,f16,f32,832,448,192,71565312,5465105000.0,22.42164917156509,129.0
me_matmul_00685_203f50f9,f16->f16,f16,f16,384,2944,64,72351744,3125845000.0,21.862970483583286,93.0
me_matmul_00525_23b50752,f16->f16,f16,f16,1984,192,192,73138176,6096715500.0,22.53101602049044,182.0
me_matmul_00506_243b6c3e,f16->f32,f16,f32,128,1792,320,73400320,3172673500.0,21.877840444788728,152.0
me_matmul_00575_732de0a7,f16->f16,f16,f16,320,1792,128,73400320,2501049500.0,21.6399762807292,75.0
me_matmul_00630_53361d11,f16->f16,f16,f16,2240,512,64,73400320,4495838500.0,22.22641802807413,116.0
me_matmul_00045_ff0abe77,f8E5M2->f32,f8E5M2,f32,256,256,1152,75497472,7919885500.0,22.792642585597534,186.0
me_matmul_00046_c60b0037,f8E5M2->f32,f8E5M2,f32,384,256,768,75497472,8121925500.0,22.817833093550867,317.0
me_matmul_00264_2d3338a9,f16->f32,f16,f32,192,2048,192,75497472,2846116000.0,21.76922109474339,82.0
me_matmul_00635_5da2ef8a,f16->f16,f16,f16,512,1152,128,75497472,2687639000.0,21.711928949992945,118.0
me_matmul_00400_4c1d5d85,f16->f32,f16,f32,448,64,2816,80740352,39826406000.0,24.407795996576336,884.0
me_matmul_00785_12f84fff,f16->f16,f16,f16,128,704,896,80740352,3702742000.0,22.03233946321268,173.0
me_matmul_00462_cf6ce6f3,f16->f32,f16,f32,640,1984,64,81264640,3868343000.0,22.076092086924458,118.0
me_matmul_00213_12b2c864,f8E5M2->f32,f8E5M2,f32,128,384,1664,81788928,6583790500.0,22.60787648025235,191.0
me_matmul_00376_134ce8e2,f16->f32,f16,f32,960,448,192,82575360,6300277000.0,22.56385943763129,237.0
me_matmul_00053_6ea55f5b,f8E5M2->f32,f8E5M2,f32,256,640,512,83886080,4143288000.0,22.144755512469946,189.0
me_matmul_00134_ba85686c,f8E5M2->f32,f8E5M2,f32,256,128,2560,83886080,17494742000.0,23.58516621558673,440.0
me_matmul_00167_31a9ceb9,f8E5M2->f32,f8E5M2,f32,256,256,1280,83886080,8947411500.0,22.914630109524524,220.0
me_matmul_00170_91d173e7,f8E5M2->f32,f8E5M2,f32,2560,256,128,83886080,9752653000.0,23.00080518750708,205.0
me_matmul_00440_09ff254b,f16->f32,f16,f32,64,1216,1088,84672512,5448529500.0,22.418611592700778,149.0
me_matmul_00197_d41b170b,f8E5M2->f32,f8E5M2,f32,256,2688,128,88080384,2456381500.0,21.621955169044472,66.0
me_matmul_00256_c8eb7a92,f8E5M2->f32,f8E5M2,f32,896,256,384,88080384,9757850000.0,23.001337926219446,337.0
me_matmul_00297_04adf907,f16->f32,f16,f32,512,1344,128,88080384,3599715000.0,22.00412051260796,144.0
me_matmul_00549_79193286,f16->f16,f16,f16,1088,128,640,89128960,12550924000.0,23.25306012531199,339.0
me_matmul_00526_183cc09a,f16->f16,f16,f16,448,3136,64,89915392,3715072000.0,22.03566389581662,108.0
me_matmul_00408_9114522e,f16->f32,f16,f32,192,192,2496,92012544,13576419500.0,23.331600264518794,273.0
me_matmul_00696_17386f95,f16->f16,f16,f16,256,1408,256,92274688,2831218500.0,21.76397302130591,91.0
me_matmul_00311_64d9ce04,f16->f32,f16,f32,192,1088,448,93585408,4012899500.0,22.112779884309322,98.0
me_matmul_00744_da1a8e65,f16->f16,f16,f16,448,192,1088,93585408,8040753500.0,22.807788634651416,202.0
me_matmul_00181_eb01cc4b,f8E5M2->f32,f8E5M2,f32,1152,128,640,94371840,20515699000.0,23.744456234889885,479.0
me_matmul_00344_0838cae3,f16->f32,f16,f32,192,2624,192,96731136,3425293500.0,21.954452998419786,122.0
me_matmul_00567_2b1f20f2,f16->f16,f16,f16,256,1984,192,97517568,2929083500.0,21.79795541240888,121.0
me_matmul_00608_d7e91877,f16->f16,f16,f16,192,256,1984,97517568,7161363500.0,22.691966232749806,175.0
me_matmul_00421_ce8974d5,f16->f32,f16,f32,320,960,320,98304000,4134966500.0,22.1427450638173,102.0
me_matmul_00001_4ab4760d,f8E5M2->f32,f8E5M2,f32,256,768,512,100663296,4325403000.0,22.187771152180094,185.0
me_matmul_00118_bb371d95,f8E5M2->f32,f8E5M2,f32,1024,256,384,100663296,11309539500.0,23.148912410065144,242.0
me_matmul_00244_e0be613e,f8E5M2->f32,f8E5M2,f32,512,256,768,100663296,11062111500.0,23.126791728019718,226.0
me_matmul_00661_5162038d,f16->f16,f16,f16,128,960,832,102236160,4113989000.0,22.13765895437681,151.0
me_matmul_00470_3d6310a6,f16->f32,f16,f32,512,448,448,102760448,6892902000.0,22.65375802342694,275.0
me_matmul_00484_cbc7ded0,f16->f32,f16,f32,2112,256,192,103809024,12868606000.0,23.278056538779758,267.0
me_matmul_00066_751764b2,f8E5M2->f32,f8E5M2,f32,1280,128,640,104857600,22748324500.0,23.84775733127955,442.0
me_matmul_00467_1ef28779,f16->f32,f16,f32,128,320,2560,104857600,12058131000.0,23.213005041111188,270.0
me_matmul_00713_65b050f4,f16->f16,f16,f16,256,3200,128,104857600,3325075500.0,21.92475821756335,125.0
me_matmul_00751_e2ad300a,f16->f16,f16,f16,320,128,2624,107479040,14524406500.0,23.399096278264373,404.0
me_matmul_00610_ec9154dc,f16->f16,f16,f16,1472,576,128,108527616,4815123000.0,22.295027427041568,149.0
me_matmul_00034_2faa14d3,f8E5M2->f32,f8E5M2,f32,256,1664,256,109051904,3040626000.0,21.835329252218344,75.0
me_matmul_00168_35d3b981,f8E5M2->f32,f8E5M2,f32,3328,256,128,109051904,13379988500.0,23.317026032154345,293.0
me_matmul_00307_44b2b400,f16->f32,f16,f32,256,1344,320,110100480,4064108500.0,22.125460244700857,153.0
me_matmul_00373_b37eac7d,f16->f32,f16,f32,2688,640,64,110100480,7536261000.0,22.7429920073787,358.0
me_matmul_00459_84193190,f16->f32,f16,f32,1920,448,128,110100480,8771029500.0,22.894720025266516,357.0
me_matmul_00735_c76e4323,f16->f16,f16,f16,256,320,1344,110100480,6524891000.0,22.598890085034796,160.0
me_matmul_00111_40203028,f8E5M2->f32,f8E5M2,f32,128,3456,256,113246208,3414094000.0,21.95117799462444,83.0
me_matmul_00146_1d16110c,f8E5M2->f32,f8E5M2,f32,1152,384,256,113246208,9044652000.0,22.925439480758325,174.0
me_matmul_00202_9321384e,f8E5M2->f32,f8E5M2,f32,384,384,768,113246208,8048700000.0,22.808776424652628,323.0
me_matmul_00658_e642c3aa,f16->f16,f16,f16,1152,1536,64,113246208,4794112500.0,22.290654439516803,151.0
me_matmul_00607_5b61d86c,f16->f16,f16,f16,192,1856,320,114032640,3401069000.0,21.947355630916213,94.0
me_matmul_00445_e72ee90a,f16->f32,f16,f32,256,128,3520,115343360,29081513500.0,24.09336853433716,582.0
me_matmul_00355_a4742bb2,f16->f32,f16,f32,448,2048,128,117440512,4104001000.0,22.135228188479566,156.0
me_matmul_00652_192298e1,f16->f16,f16,f16,128,3584,256,117440512,3997842000.0,22.109020552483813,111.0
me_matmul_00560_802b6b4c,f16->f16,f16,f16,3648,512,64,119537664,7151112500.0,22.690533775954368,271.0
me_matmul_00265_b10f08df,f16->f32,f16,f32,576,1088,192,120324096,4691911000.0,22.26910579910079,169.0
me_matmul_00626_ad47c9af,f16->f16,f16,f16,1408,448,192,121110528,5751613000.0,22.472746174155933,171.0
me_matmul_00013_f806bc50,f8E5M2->f32,f8E5M2,f32,1280,128,768,125829120,26890133000.0,24.01502525329156,553.0
me_matmul_00091_b5039da4,f8E5M2->f32,f8E5M2,f32,128,256,3840,125829120,14575529500.0,23.40260989785412,406.0
me_matmul_00160_c23197d8,f8E5M2->f32,f8E5M2,f32,512,128,1920,125829120,25566891000.0,23.96456403105891,582.0
me_matmul_00210_ef2dca52,f8E5M2->f32,f8E5M2,f32,256,1280,384,125829120,3920594500.0,22.08950913741311,173.0
me_matmul_00248_98a97256,f8E5M2->f32,f8E5M2,f32,640,1536,128,125829120,3591149000.0,22.001738043950002,108.0
me_matmul_00291_130348c9,f16->f32,f16,f32,128,256,3904,127926272,18378020000.0,23.63442122228221,398.0
me_matmul_00082_c6e7cc8f,f8E5M2->f32,f8E5M2,f32,2688,384,128,132120576,10897418500.0,23.11179176326932,223.0
me_matmul_00241_bdd420b0,f8E5M2->f32,f8E5M2,f32,384,128,2688,132120576,26721492000.0,24.008734022379308,546.0
me_matmul_00471_125a588f,f16->f32,f16,f32,128,2048,512,134217728,5158814500.0,22.36397264198174,134.0
me_matmul_00161_a746d583,f8E5M2->f32,f8E5M2,f32,1664,128,640,136314880,29442387500.0,24.10570122466563,666.0
me_matmul_00492_1b82f896,f16->f32,f16,f32,448,960,320,137625600,5856000500.0,22.49073269898793,154.0
me_matmul_00409_0988ef75,f16->f32,f16,f32,448,2432,128,139460608,4577701500.0,22.24446285320549,151.0
me_matmul_00455_f543b7fb,f16->f32,f16,f32,1152,960,128,141557760,6709953500.0,22.6268578579507,174.0
me_matmul_00530_6a51871a,f16->f16,f16,f16,192,960,768,141557760,4731354000.0,22.27747725641439,116.0
me_matmul_00292_310d88d0,f16->f32,f16,f32,1408,320,320,144179200,14132956500.0,23.371775247424907,366.0
me_matmul_00561_13eff06b,f16->f16,f16,f16,384,1472,256,144703488,3844826500.0,22.06999431534886,101.0
me_matmul_00673_478909c9,f16->f16,f16,f16,384,128,3008,147849216,20249768500.0,23.73140919833485,478.0
me_matmul_00293_046a2e31,f16->f32,f16,f32,192,576,1344,148635648,8790201000.0,22.896903415276253,190.0
me_matmul_00522_447fc13f,f16->f32,f16,f32,128,2624,448,150470656,5430650000.0,22.41532466906884,215.0
me_matmul_00039_3b992751,f8E5M2->f32,f8E5M2,f32,128,1152,1024,150994944,6011781000.0,22.516986881027947,136.0
me_matmul_00063_9293da45,f8E5M2->f32,f8E5M2,f32,256,1152,512,150994944,4879060000.0,22.308218415306463,140.0
me_matmul_00074_35e1ce2f,f8E5M2->f32,f8E5M2,f32,384,256,1536,150994944,16457349000.0,23.524037962116104,325.0
me_matmul_00142_2c4ef381,f8E5M2->f32,f8E5M2,f32,128,1024,1152,150994944,6387855000.0,22.577664368231286,152.0
me_matmul_00204_eaf53eed,f8E5M2->f32,f8E5M2,f32,512,384,768,150994944,11359933500.0,23.15335839634904,228.0
me_matmul_00208_e2bba783,f8E5M2->f32,f8E5M2,f32,512,1152,256,150994944,4596202000.0,22.24849614722906,202.0
me_matmul_00246_6064f97d,f8E5M2->f32,f8E5M2,f32,256,384,1536,150994944,11624896500.0,23.17641488515439,267.0
me_matmul_00598_baf3e820,f16->f16,f16,f16,1152,64,2048,150994944,39161318000.0,24.39095531083499,942.0
me_matmul_00570_dc23ecbd,f16->f16,f16,f16,448,256,1344,154140672,10546720500.0,23.079080795463085,258.0
me_matmul_00686_f645e0d5,f16->f16,f16,f16,768,320,640,157286400,8933150500.0,22.91303496916776,254.0
me_matmul_00078_76003a19,f8E5M2->f32,f8E5M2,f32,128,2432,512,159383552,4838561000.0,22.29988319941878,175.0
me_matmul_00304_5bec4f4b,f16->f32,f16,f32,1856,1344,64,159645696,7873777500.0,22.78680377151219,248.0
me_matmul_00037_baa955bf,f8E5M2->f32,f8E5M2,f32,1408,128,896,161480704,33766477000.0,24.242734342537894,711.0
me_matmul_00083_42877a44,f8E5M2->f32,f8E5M2,f32,128,1408,896,161480704,5834077500.0,22.4869819924998,152.0
me_matmul_00569_9c093973,f16->f16,f16,f16,640,64,3968,162529280,46528957000.0,24.563340686905914,1065.0
me_matmul_00048_79b849d0,f8E5M2->f32,f8E5M2,f32,256,384,1664,163577856,12433438000.0,23.2436552931232,256.0
me_matmul_00270_6b83db10,f16->f32,f16,f32,64,1536,1664,163577856,9592944500.0,22.984293717296914,418.0
me_matmul_00654_08f66b61,f16->f16,f16,f16,64,832,3072,163577856,9745372000.0,23.000058342599615,329.0
me_matmul_00473_87fca765,f16->f32,f16,f32,576,128,2240,165150720,41292533500.0,24.443947533644533,680.0
me_matmul_00664_d10fe008,f16->f16,f16,f16,2688,64,960,165150720,42464519000.0,24.471934717139078,913.0
me_matmul_00736_59104d23,f16->f16,f16,f16,64,3392,768,166723584,8086367000.0,22.813445394223823,195.0
me_matmul_00052_5a4f6366,f8E5M2->f32,f8E5M2,f32,256,1024,640,167772160,5766885000.0,22.47539791033699,149.0
me_matmul_00600_9c87aa6e,f16->f16,f16,f16,1024,256,640,167772160,12345563000.0,23.236562564211958,273.0
me_matmul_00732_e47254e8,f16->f16,f16,f16,128,2944,448,168820736,5296863500.0,22.39038068987339,135.0
me_matmul_00414_d211a2ce,f16->f32,f16,f32,128,832,1600,170393600,8827709500.0,22.90116141813884,205.0
me_matmul_00504_7be6579f,f16->f32,f16,f32,3840,704,64,173015040,11127656000.0,23.132699378077515,291.0
me_matmul_00684_6bcf7694,f16->f16,f16,f16,704,3840,64,173015040,6478183500.0,22.591705983938382,250.0
me_matmul_00092_8e245d23,f8E5M2->f32,f8E5M2,f32,384,512,896,176160768,10097265500.0,23.03553048156198,382.0
me_matmul_00177_248289a4,f8E5M2->f32,f8E5M2,f32,384,256,1792,176160768,18767633500.0,23.655399600746996,404.0
me_matmul_00632_ad82ca3e,f16->f16,f16,f16,1536,128,896,176160768,23380432500.0,23.875165291536085,655.0
me_matmul_00757_f76d5cf9,f16->f16,f16,f16,64,2688,1024,176160768,8650970500.0,22.88093734812843,251.0
me_matmul_00406_9f7eadcb,f16->f32,f16,f32,2560,1088,64,178257920,9424763500.0,22.96660647712746,234.0
me_matmul_00375_7b7c7103,f16->f32,f16,f32,1472,1920,64,180879360,8021602500.0,22.805404051832465,201.0
me_matmul_00165_162695b9,f8E5M2->f32,f8E5M2,f32,384,128,3712,182452224,36519270000.0,24.321105903426297,806.0
me_matmul_00723_ef1a0c29,f16->f16,f16,f16,3712,128,384,182452224,27086706000.0,24.022308890965796,576.0
me_matmul_00518_004b0fe3,f16->f32,f16,f32,192,1152,832,184025088,7593609500.0,22.750572875258456,182.0
me_matmul_00767_67fd7939,f16->f16,f16,f16,1344,1088,128,187170816,5965507500.0,22.509259968508406,287.0
me_matmul_00089_f7b2e69b,f8E5M2->f32,f8E5M2,f32,256,384,1920,188743680,14329619000.0,23.38559449085453,285.0
me_matmul_00512_0c56077a,f16->f32,f16,f32,192,3072,320,188743680,5591777000.0,22.444562962685044,144.0
me_matmul_00056_4a5ff802,f8E5M2->f32,f8E5M2,f32,896,128,1664,190840832,38527692000.0,24.374643092414768,923.0
me_matmul_00096_1cc18baf,f8E5M2->f32,f8E5M2,f32,512,128,2944,192937984,38533608000.0,24.374796632518855,849.0
me_matmul_00781_956ee113,f16->f16,f16,f16,1024,1472,128,192937984,5581237500.0,22.44267636294492,174.0
me_matmul_00590_b3622577,f16->f16,f16,f16,1600,64,1920,196608000,55808474000.0,24.74519155860282,1221.0
me_matmul_00285_0aee7c76,f16->f32,f16,f32,256,576,1344,198180864,12628367500.0,23.259211509214268,324.0
me_matmul_00715_03a75484,f16->f16,f16,f16,3264,64,960,200540160,51405013500.0,24.663001543561425,1256.0
me_matmul_00035_c42d8b09,f8E5M2->f32,f8E5M2,f32,256,2048,384,201326592,4813318500.0,22.294652600020783,115.0
me_matmul_00198_8034f463,f8E5M2->f32,f8E5M2,f32,256,768,1024,201326592,8473863000.0,22.860252321920726,223.0
me_matmul_00203_4957f337,f8E5M2->f32,f8E5M2,f32,256,3072,256,201326592,4226608000.0,22.16466561706487,122.0
me_matmul_00640_315bd54c,f16->f16,f16,f16,896,320,704,201850880,11199367500.0,23.139123140438503,295.0
me_matmul_00495_92405a1a,f16->f32,f16,f32,2368,448,192,203685888,15622923500.0,23.47200512773742,317.0
me_matmul_00672_6e092e70,f16->f16,f16,f16,192,1280,832,204472320,5957171500.0,22.507861624837773,151.0
me_matmul_00711_23b7de85,f16->f16,f16,f16,384,832,640,204472320,6047674500.0,22.52293965493088,174.0
me_matmul_00346_f2d6d5ff,f16->f32,f16,f32,384,1408,384,207618048,6445456500.0,22.586641300930083,205.0
me_matmul_00582_0d8ae271,f16->f16,f16,f16,704,512,576,207618048,7796719000.0,22.776968841122063,192.0
me_matmul_00211_070bf87c,f8E5M2->f32,f8E5M2,f32,640,512,640,209715200,11410975500.0,23.157841492345558,281.0
me_matmul_00312_2ab24b73,f16->f32,f16,f32,1280,320,512,209715200,23480656000.0,23.87944277018724,584.0
me_matmul_00695_25dfac94,f16->f16,f16,f16,512,3200,128,209715200,5439269500.0,22.416910605709248,223.0
me_matmul_00075_4869f958,f8E5M2->f32,f8E5M2,f32,128,2176,768,213909504,6483152500.0,22.592472725922917,138.0
me_matmul_00677_86ec91eb,f16->f16,f16,f16,1088,128,1536,213909504,28530199000.0,24.07422897726141,727.0
me_matmul_00519_6a9e2ecc,f16->f32,f16,f32,960,320,704,216268800,21883333500.0,23.808991156643252,489.0
me_matmul_00180_9a05521d,f8E5M2->f32,f8E5M2,f32,1664,256,512,218103808,25570486000.0,23.9647046327173,576.0
me_matmul_00227_dd79b306,f8E5M2->f32,f8E5M2,f32,256,256,3328,218103808,24171856000.0,23.908454818122003,583.0
me_matmul_00749_522ed8f6,f16->f16,f16,f16,64,1728,1984,219414528,11166024000.0,23.136141433214323,278.0
me_matmul_00255_665cdcef,f8E5M2->f32,f8E5M2,f32,640,896,384,220200960,7494110000.0,22.737383215619573,284.0
me_matmul_00497_8629b4ba,f16->f32,f16,f32,128,3392,512,222298112,7366346500.0,22.720187694319065,177.0
me_matmul_00055_dfcd631c,f8E5M2->f32,f8E5M2,f32,384,2304,256,226492416,4794765500.0,22.29079063897643,178.0
me_matmul_00072_ef6ab42a,f8E5M2->f32,f8E5M2,f32,1152,128,1536,226492416,46500208500.0,24.562722633400636,1315.0
me_matmul_00137_0c3e9c54,f8E5M2->f32,f8E5M2,f32,256,384,2304,226492416,17100436500.0,23.562369826445025,376.0
me_matmul_00182_8f967c03,f8E5M2->f32,f8E5M2,f32,512,3456,128,226492416,4575559000.0,22.24399471400217,202.0
me_matmul_00528_58699174,f16->f16,f16,f16,1536,384,384,226492416,10007272000.0,23.026577865658652,279.0
me_matmul_00738_cc9d2e1c,f16->f16,f16,f16,512,1152,384,226492416,5646945500.0,22.45438061644834,177.0
me_matmul_00513_49916eba,f16->f32,f16,f32,1856,384,320,228065280,21274816500.0,23.780789886221765,464.0
me_matmul_00215_f04fb1c3,f8E5M2->f32,f8E5M2,f32,640,2816,128,230686720,4812136500.0,22.29440700124006,175.0
me_matmul_00236_04d18d7d,f8E5M2->f32,f8E5M2,f32,640,1408,256,230686720,6053540500.0,22.523909144434118,155.0
me_matmul_00300_6d734bd6,f16->f32,f16,f32,128,1664,1088,231735296,9274949000.0,22.950582946772503,283.0
me_matmul_00011_1bc3212e,f8E5M2->f32,f8E5M2,f32,2048,896,128,234881024,8785836500.0,22.896406773175926,217.0
me_matmul_00040_e54842c0,f8E5M2->f32,f8E5M2,f32,896,512,512,234881024,12851927000.0,23.276759598134095,338.0
me_matmul_00042_7be27544,f8E5M2->f32,f8E5M2,f32,3584,256,256,234881024,29946801000.0,24.12268834445088,577.0
me_matmul_00188_87804000,f8E5M2->f32,f8E5M2,f32,1792,512,256,234881024,15604832000.0,23.470846446831004,386.0
me_matmul_00381_4a953c0a,f16->f32,f16,f32,256,448,2048,234881024,19643480500.0,23.70101133903965,448.0
me_matmul_00125_326605e7,f8E5M2->f32,f8E5M2,f32,2432,384,256,239075328,20848103500.0,23.760528821821566,376.0
me_matmul_00621_ecc0f2b8,f16->f16,f16,f16,1728,2176,64,240648192,9127319000.0,22.934537841113933,290.0
me_matmul_00747_98ad2169,f16->f16,f16,f16,704,256,1344,242221056,17016307500.0,23.557437985908145,450.0
me_matmul_00701_7cf3a47b,f16->f16,f16,f16,128,960,1984,243793920,9233968000.0,22.946154695571447,226.0
me_matmul_00514_05b1ebfd,f16->f32,f16,f32,1536,832,192,245366784,11864238000.0,23.196794502268624,287.0
me_matmul_00714_7d20ef96,f16->f16,f16,f16,192,448,2880,247726080,12168804000.0,23.22214146467124,314.0
me_matmul_00014_0f8b386f,f8E5M2->f32,f8E5M2,f32,2560,256,384,251658240,28406375500.0,24.069879446356207,721.0
me_matmul_00117_e994c679,f8E5M2->f32,f8E5M2,f32,768,1280,256,251658240,6841940000.0,22.64633715409769,154.0
me_matmul_00194_5c6e0150,f8E5M2->f32,f8E5M2,f32,256,1536,640,251658240,6683797000.0,22.62295207618304,149.0
me_matmul_00216_dd32951a,f8E5M2->f32,f8E5M2,f32,768,128,2560,251658240,50533469500.0,24.645901716073972,1246.0
me_matmul_00363_e1d44737,f16->f32,f16,f32,1024,768,320,251658240,12317105500.0,23.234254824266493,263.0
me_matmul_00716_72a74a8c,f16->f16,f16,f16,192,960,1408,259522560,8241514500.0,22.8324499625226,233.0
me_matmul_00727_39648e21,f16->f16,f16,f16,128,3520,576,259522560,7594931000.0,22.750746888028587,246.0
me_matmul_00491_2d469be1,f16->f32,f16,f32,1600,320,512,262144000,29189155000.0,24.09706307312347,675.0
me_matmul_00054_49bb58db,f8E5M2->f32,f8E5M2,f32,896,768,384,264241152,10669833500.0,23.090686297639728,210.0
me_matmul_00517_28b1472d,f16->f32,f16,f32,64,3264,1280,267386880,13543854000.0,23.329198702038106,465.0
me_matmul_00140_7de66873,f8E5M2->f32,f8E5M2,f32,512,1024,512,268435456,7825898000.0,22.780704327171545,170.0
me_matmul_00534_49fa13c1,f16->f16,f16,f16,64,2368,1792,271581184,13186017000.0,23.302422786882858,357.0
me_matmul_00583_9c3b994c,f16->f16,f16,f16,1664,256,640,272629760,21031548000.0,23.769289433081816,616.0
me_matmul_00667_50d74bdc,f16->f16,f16,f16,832,1280,256,272629760,6525857000.0,22.599038122526864,166.0
me_matmul_00378_e960dc66,f16->f32,f16,f32,960,448,640,275251200,21994848000.0,23.8140740810617,568.0
me_matmul_00631_eda8afe1,f16->f16,f16,f16,384,448,1600,275251200,12092287500.0,23.215833689631257,301.0
me_matmul_00552_57c319c4,f16->f16,f16,f16,128,1472,1472,277348352,8887034000.0,22.907859197508415,356.0
me_matmul_00437_fa4414fc,f16->f32,f16,f32,1088,192,1344,280756224,45784255000.0,24.547206091669015,878.0
me_matmul_00233_951e75d9,f8E5M2->f32,f8E5M2,f32,384,640,1152,283115520,13443459000.0,23.321758504999877,319.0
me_matmul_00416_0e808070,f16->f32,f16,f32,384,2880,256,283115520,7010176000.0,22.670628644667747,179.0
me_matmul_00443_01d2cd0c,f16->f32,f16,f32,576,1920,256,283115520,7976694000.0,22.799789876853808,200.0
me_matmul_00493_d4a0d9a1,f16->f32,f16,f32,2880,384,256,283115520,23284043500.0,23.871034134589852,523.0
me_matmul_00302_3a3f6d83,f16->f32,f16,f32,768,832,448,286261248,12745660500.0,23.268456697676463,350.0
me_matmul_00678_bdabf8e9,f16->f16,f16,f16,192,1664,896,286261248,7493661000.0,22.737323300105768,224.0
me_matmul_00328_9019671e,f16->f32,f16,f32,1600,1408,128,288358400,10720912000.0,23.095462063597292,393.0
me_matmul_00428_17a91384,f16->f32,f16,f32,384,2368,320,290979840,7271927500.0,22.707287224024917,213.0
me_matmul_00155_a59deef2,f8E5M2->f32,f8E5M2,f32,1280,896,256,293601280,11440512500.0,23.16042662084567,331.0
me_matmul_00769_2bf4f9cb,f16->f16,f16,f16,3584,128,640,293601280,42923877000.0,24.482694081477412,973.0
me_matmul_00085_713f63d6,f8E5M2->f32,f8E5M2,f32,128,1664,1408,299892736,9745318500.0,23.000052852799243,208.0
me_matmul_00657_3b74c38e,f16->f16,f16,f16,256,704,1664,299892736,10194776000.0,23.045141269176767,253.0
me_matmul_00295_be864448,f16->f32,f16,f32,2944,320,320,301465600,29374895000.0,24.103406234936262,643.0
me_matmul_00206_358db402,f8E5M2->f32,f8E5M2,f32,512,1152,512,301989888,8044483000.0,22.808252351808058,299.0
me_matmul_00224_4473bf67,f8E5M2->f32,f8E5M2,f32,1536,768,256,301989888,13744546000.0,23.343907927825313,263.0
me_matmul_00273_da058cd9,f16->f32,f16,f32,1536,256,768,301989888,39632573500.0,24.40291718021851,832.0
me_matmul_00275_830078ec,f16->f32,f16,f32,2048,576,256,301989888,19785980000.0,23.708239443031204,352.0
me_matmul_00267_9f97dc9c,f16->f32,f16,f32,1856,640,256,304087040,19522146000.0,23.69481535041315,412.0
me_matmul_00457_82e73914,f16->f32,f16,f32,1152,832,320,306708480,14216716500.0,23.377684327485344,298.0
me_matmul_00617_c0c1e3f6,f16->f16,f16,f16,192,640,2496,306708480,11751358500.0,23.187234687874724,335.0
me_matmul_00274_2667fb0a,f16->f32,f16,f32,896,2688,128,308281344,8719833500.0,22.88886598064831,287.0
me_matmul_00565_29e3a8b2,f16->f16,f16,f16,768,192,2112,311427072,28245915000.0,24.064214682313107,587.0
me_matmul_00018_eea7ebef,f8E5M2->f32,f8E5M2,f32,768,3200,128,314572800,5988486000.0,22.513104462534958,155.0
me_matmul_00104_a5929aa3,f8E5M2->f32,f8E5M2,f32,768,640,640,314572800,14489723000.0,23.396705476464117,336.0
me_matmul_00151_4757675c,f8E5M2->f32,f8E5M2,f32,256,1920,640,314572800,7287371000.0,22.709408686922608,155.0
me_matmul_00379_5cd18615,f16->f32,f16,f32,640,1920,256,314572800,8703520500.0,22.886993435928538,252.0
me_matmul_00707_bf2c4668,f16->f16,f16,f16,2752,448,256,315621376,14167847000.0,23.374240938385007,328.0
me_matmul_00279_8e07fbfe,f16->f32,f16,f32,2176,192,768,320864256,45507147500.0,24.54113523847839,1036.0
me_matmul_00602_dd05bd4d,f16->f16,f16,f16,2176,1152,128,320864256,9623214000.0,22.987444141460603,235.0
me_matmul_00576_62de9f76,f16->f16,f16,f16,1984,640,256,325058560,11010637000.0,23.122127642501475,343.0
me_matmul_00099_8c32c4f6,f8E5M2->f32,f8E5M2,f32,512,384,1664,327155712,23450278000.0,23.87814818677909,476.0
me_matmul_00675_5f5317a4,f16->f16,f16,f16,1600,128,1600,327680000,42948610500.0,24.483270133281756,950.0
me_matmul_00272_4ce3c9d2,f16->f32,f16,f32,128,1344,1920,330301440,14124714500.0,23.371191901385263,498.0
me_matmul_00061_7895ab27,f8E5M2->f32,f8E5M2,f32,512,512,1280,335544320,18538155000.0,23.64309687756911,374.0
me_matmul_00778_1c7fc3a7,f16->f16,f16,f16,832,576,704,337379328,11459265000.0,23.16206441005054,388.0
me_matmul_00058_d732363a,f8E5M2->f32,f8E5M2,f32,256,3456,384,339738624,6388314000.0,22.577736220756123,267.0
me_matmul_00098_603429ea,f8E5M2->f32,f8E5M2,f32,384,640,1408,346030080,16331304000.0,23.51634959377193,355.0
me_matmul_00171_a8e4f967,f8E5M2->f32,f8E5M2,f32,384,3584,256,352321536,6040940000.0,22.52182546592325,172.0
me_matmul_00447_78e26bed,f16->f32,f16,f32,2688,256,512,352321536,37595767500.0,24.350157314516814,924.0
me_matmul_00705_eda7c05f,f16->f16,f16,f16,256,1024,1344,352321536,9673785000.0,22.992685486580903,235.0
me_matmul_00540_6305ffb1,f16->f16,f16,f16,1216,768,384,358612992,10043180500.0,23.03015968391342,248.0
me_matmul_00605_1c6ae4c1,f16->f16,f16,f16,1856,512,384,364904448,15248681000.0,23.447758844455922,487.0
me_matmul_00336_ab478b98,f16->f32,f16,f32,128,1664,1728,368050176,14377599000.0,23.388937207287476,407.0
me_matmul_00065_ff1a7024,f8E5M2->f32,f8E5M2,f32,512,1408,512,369098752,8470610500.0,22.859868420934962,199.0
me_matmul_00081_b34026ca,f8E5M2->f32,f8E5M2,f32,768,1280,384,377487360,9953886500.0,23.02122891486649,266.0
me_matmul_00107_b0aea669,f8E5M2->f32,f8E5M2,f32,1920,512,384,377487360,22179177500.0,23.822419735223423,429.0
me_matmul_00704_8c6eb38d,f16->f16,f16,f16,1024,576,640,377487360,14061215000.0,23.36668613495807,304.0
me_matmul_00278_2cd1c0e5,f16->f32,f16,f32,3392,448,256,389021696,27893550000.0,24.05166131625117,605.0
me_matmul_00642_268f5be3,f16->f16,f16,f16,1472,2112,128,397934592,9709418000.0,22.996362179245246,327.0
me_matmul_00482_ad21a671,f16->f32,f16,f32,640,2432,256,398458880,9801700000.0,23.00582167696662,244.0
me_matmul_00122_3f808578,f8E5M2->f32,f8E5M2,f32,1536,2048,128,402653184,8681054000.0,22.884408786818245,220.0
me_matmul_00183_3f088e9e,f8E5M2->f32,f8E5M2,f32,512,512,1536,402653184,22416639500.0,23.833069354863603,475.0
me_matmul_00663_3bd93196,f16->f16,f16,f16,2304,2752,64,405798912,14527007500.0,23.399275340117054,419.0
me_matmul_00599_36d3aa26,f16->f16,f16,f16,896,192,2368,407371776,36554065500.0,24.322058248146618,879.0
me_matmul_00337_b2db9fdc,f16->f32,f16,f32,2176,1472,128,409993216,14949247500.0,23.427926801068125,521.0
me_matmul_00432_8ca9a678,f16->f32,f16,f32,512,3136,256,411041792,9491282000.0,22.97363953001244,259.0
me_matmul_00562_357bf4b7,f16->f16,f16,f16,1408,1536,192,415236096,9438474500.0,22.96806020446893,397.0
me_matmul_00754_dcf2c1bb,f16->f16,f16,f16,2816,768,192,415236096,13676095000.0,23.338915255174918,319.0
me_matmul_00360_b98256dd,f16->f32,f16,f32,64,3008,2176,418906112,21347239000.0,23.784188247415294,649.0
me_matmul_00010_19b1407f,f8E5M2->f32,f8E5M2,f32,640,2560,256,419430400,7287702000.0,22.709454106935265,278.0
me_matmul_00353_d52257e3,f16->f32,f16,f32,320,1600,832,425984000,12510225000.0,23.249812146875,376.0
me_matmul_00533_97138e1f,f16->f16,f16,f16,1024,3264,128,427819008,9723624000.0,22.997824225437554,311.0
me_matmul_00628_b487e5b2,f16->f16,f16,f16,1280,2624,128,429916160,10015789500.0,23.027428634709505,385.0
me_matmul_00309_fb02d58e,f16->f32,f16,f32,256,2688,640,440401920,11020503000.0,23.123023283912634,304.0
me_matmul_00731_600f5e26,f16->f16,f16,f16,640,576,1216,448266240,15661200500.0,23.47445218485179,383.0
me_matmul_00087_fdee2228,f8E5M2->f32,f8E5M2,f32,1152,512,768,452984832,25425356000.0,23.95901278074958,467.0
me_matmul_00766_2b7e9cd6,f16->f16,f16,f16,2496,192,960,460062720,40971269500.0,24.436136914112513,1069.0
me_matmul_00108_f131dfcb,f8E5M2->f32,f8E5M2,f32,128,2560,1408,461373440,12683322000.0,23.263553739024495,313.0
me_matmul_00456_bf4aa546,f16->f32,f16,f32,960,3776,128,463994880,11756225000.0,23.187648724482912,307.0
me_matmul_00668_0b099f78,f16->f16,f16,f16,128,3776,960,463994880,12723666000.0,23.26672956088174,407.0
me_matmul_00022_a58f80c5,f8E5M2->f32,f8E5M2,f32,1024,512,896,469762048,25933710000.0,23.978809503778763,638.0
me_matmul_00002_0479d454,f8E5M2->f32,f8E5M2,f32,1920,384,640,471859200,34838609000.0,24.27399206276054,785.0
me_matmul_00190_aa5dd99f,f8E5M2->f32,f8E5M2,f32,640,1152,640,471859200,12776362000.0,23.270862581834667,263.0
me_matmul_00283_247303ff,f16->f32,f16,f32,384,1280,960,471859200,15844430500.0,23.48608388750585,329.0
me_matmul_00387_9ef70297,f16->f32,f16,f32,1536,1216,256,478150656,18424586000.0,23.63695180529854,423.0
me_matmul_00546_abe404bd,f16->f16,f16,f16,192,1088,2304,481296384,14195518000.0,23.376192117927978,372.0
me_matmul_00539_4d91dbc0,f16->f16,f16,f16,1280,128,2944,482344960,61599163000.0,24.843914119731235,1364.0
me_matmul_00186_9f43909d,f8E5M2->f32,f8E5M2,f32,384,896,1408,484442112,17258874500.0,23.571592311900783,434.0
me_matmul_00553_452969b1,f16->f16,f16,f16,3392,320,448,486277120,27945955500.0,24.053538321246712,663.0
me_matmul_00709_11411451,f16->f16,f16,f16,3712,256,512,486539264,34142503000.0,24.253808867383878,768.0
me_matmul_00603_c36f5c74,f16->f16,f16,f16,768,1664,384,490733568,9318478500.0,22.955265201244043,320.0
me_matmul_00242_365fee26,f8E5M2->f32,f8E5M2,f32,2048,384,640,503316480,35842012000.0,24.302386561870296,872.0
me_matmul_00257_f007968a,f8E5M2->f32,f8E5M2,f32,640,1024,768,503316480,15838651500.0,23.48571908713295,416.0
me_matmul_00277_5e9f8cb7,f16->f32,f16,f32,960,1024,512,503316480,20636245000.0,23.75031483271424,450.0
me_matmul_00059_69470152,f8E5M2->f32,f8E5M2,f32,384,384,3456,509607936,37085619500.0,24.336495116862604,810.0
me_matmul_00106_a308df43,f8E5M2->f32,f8E5M2,f32,512,3968,256,520093696,7733436500.0,22.768819167378822,275.0
me_matmul_00783_d6deed5a,f16->f16,f16,f16,320,2560,640,524288000,9770686000.0,23.002652515479856,249.0
me_matmul_00252_da4a539e,f8E5M2->f32,f8E5M2,f32,1792,2304,128,528482304,10551773000.0,23.07955973962055,280.0
me_matmul_00226_8c49b18d,f8E5M2->f32,f8E5M2,f32,512,2048,512,536870912,9784719000.0,23.004087719957468,221.0
me_matmul_00547_11b7bb06,f16->f16,f16,f16,1472,384,960,542638080,26028555500.0,23.982460060751894,577.0
me_matmul_00189_dae2cb7c,f8E5M2->f32,f8E5M2,f32,640,3328,256,545259520,8249245500.0,22.833387578565326,193.0
me_matmul_00339_cb30a44a,f16->f32,f16,f32,256,3328,640,545259520,12581314000.0,23.25547853427436,285.0
me_matmul_00340_09f135fb,f16->f32,f16,f32,384,832,1792,572522496,27294311000.0,24.029944129143082,509.0
me_matmul_00478_ce562f03,f16->f32,f16,f32,128,2304,1984,585105408,20124161500.0,23.72518699478677,523.0
me_matmul_00050_f8db93bc,f8E5M2->f32,f8E5M2,f32,1280,3584,128,587202560,9853549500.0,23.01109758254797,253.0
me_matmul_00195_62c37775,f8E5M2->f32,f8E5M2,f32,1280,1792,256,587202560,13176652000.0,23.3017123125076,397.0
me_matmul_00593_b13dbad7,f16->f16,f16,f16,128,1216,3776,587726848,20102887500.0,23.724129298410222,521.0
me_matmul_00669_ee3cb8a0,f16->f16,f16,f16,192,3712,832,592969728,12634923500.0,23.25973052315803,349.0
me_matmul_00431_b849af16,f16->f32,f16,f32,768,4032,192,594542592,12776131500.0,23.270844540542534,352.0
me_matmul_00773_f6d8fca3,f16->f16,f16,f16,384,2688,576,594542592,10242711500.0,23.04983221642766,312.0
me_matmul_00665_7c4bd37a,f16->f16,f16,f16,3072,512,384,603979776,25687029000.0,23.96925199326834,533.0
me_matmul_00269_bea646e4,f16->f32,f16,f32,320,3712,512,608174080,12828321500.0,23.274921180826844,293.0
me_matmul_00025_75e06682,f8E5M2->f32,f8E5M2,f32,128,1792,2688,616562688,19694204500.0,23.70359024159137,543.0
me_matmul_00343_2d4aabac,f16->f32,f16,f32,896,512,1344,616562688,40380571500.0,24.421614602777012,770.0
me_matmul_00144_6e6038b2,f8E5M2->f32,f8E5M2,f32,512,1920,640,629145600,12501322500.0,23.24910027565824,265.0
me_matmul_00694_5f2e2742,f16->f16,f16,f16,192,1600,2048,629145600,15740737500.0,23.479517933984123,415.0
me_matmul_00500_694dc369,f16->f32,f16,f32,704,832,1088,637272064,28003619000.0,24.055599588769553,715.0
me_matmul_00641_daf2b8d8,f16->f16,f16,f16,1152,512,1088,641728512,24221632000.0,23.910511955129923,523.0
me_matmul_00135_81cb2a68,f8E5M2->f32,f8E5M2,f32,3328,384,512,654311424,51228544000.0,24.659562713646483,943.0
me_matmul_00689_12168e6b,f16->f16,f16,f16,2048,2496,128,654311424,15016786000.0,23.432434479026934,680.0
me_matmul_00441_efed1418,f16->f32,f16,f32,1600,640,640,655360000,31481813000.0,24.172675850959234,719.0
me_matmul_00556_e2d8545c,f16->f16,f16,f16,704,2432,384,657457152,10805500500.0,23.103321146980086,279.0
me_matmul_00021_1e75904b,f8E5M2->f32,f8E5M2,f32,1024,1024,640,671088640,19382655000.0,23.687644430929836,399.0
me_matmul_00187_8300ed48,f8E5M2->f32,f8E5M2,f32,2048,640,512,671088640,28947086000.0,24.088735379595256,687.0
me_matmul_00090_94919e3d,f8E5M2->f32,f8E5M2,f32,1536,384,1152,679477248,47529180000.0,24.58460967516178,1156.0
me_matmul_00733_a4d5b396,f16->f16,f16,f16,1152,768,768,679477248,16716796000.0,23.53967979944595,429.0
me_matmul_00212_2fc8a08f,f8E5M2->f32,f8E5M2,f32,1408,384,1280,692060160,48307501500.0,24.600852696104507,1153.0
me_matmul_00395_3efb36a3,f16->f32,f16,f32,448,640,2432,697303040,39998711500.0,24.412113078041514,859.0
me_matmul_00612_eb58f74c,f16->f16,f16,f16,1216,2240,256,697303040,12174380500.0,23.222599621663605,348.0
me_matmul_00163_5a6a64a8,f8E5M2->f32,f8E5M2,f32,3584,1536,128,704643072,19657278500.0,23.70171351380258,560.0
me_matmul_00105_8e047e8d,f8E5M2->f32,f8E5M2,f32,1024,1408,512,738197504,18583603500.0,23.645545496629445,509.0
me_matmul_00209_c8a1162b,f8E5M2->f32,f8E5M2,f32,1408,512,1024,738197504,41473565000.0,24.448322073268237,894.0
me_matmul_00516_69964bbd,f16->f32,f16,f32,1088,896,768,748683264,32027825000.0,24.189870893172845,566.0
me_matmul_00535_fcad9937,f16->f16,f16,f16,1536,448,1088,748683264,31175601500.0,24.162901622632713,621.0
me_matmul_00368_45a4d7b6,f16->f32,f16,f32,896,3328,256,763363328,15484507000.0,23.463105812602894,401.0
me_matmul_00350_330730bf,f16->f32,f16,f32,192,2496,1600,766771200,21413646000.0,23.787294219304602,569.0
me_matmul_00156_f73e1217,f8E5M2->f32,f8E5M2,f32,128,2176,2816,784334848,23165809500.0,23.86594330016453,530.0
me_matmul_00004_5afd727d,f8E5M2->f32,f8E5M2,f32,384,1792,1152,792723456,16941597500.0,23.55303782514788,331.0
me_matmul_00069_bae04502,f8E5M2->f32,f8E5M2,f32,2688,768,384,792723456,31752170000.0,24.18122690640629,633.0
me_matmul_00205_e49a8705,f8E5M2->f32,f8E5M2,f32,896,1152,768,792723456,21794421500.0,23.804919879499458,526.0
me_matmul_00776_a9aa821f,f16->f16,f16,f16,256,2304,1344,792723456,15482183500.0,23.462955748132533,436.0
me_matmul_00742_451cb9dc,f16->f16,f16,f16,1536,832,640,817889280,23072541500.0,23.86190906778047,509.0
me_matmul_00739_23a29ff4,f16->f16,f16,f16,256,1024,3136,822083584,23025686500.0,23.859876234061336,561.0
me_matmul_00448_3f7a3341,f16->f32,f16,f32,256,1152,2816,830472192,33151431500.0,24.224351735149718,748.0
me_matmul_00024_e78a0c8c,f8E5M2->f32,f8E5M2,f32,1024,1280,640,838860800,21282431000.0,23.781147733616912,456.0
me_matmul_00485_582688e2,f16->f32,f16,f32,512,3264,512,855638016,15952092000.0,23.49285581745117,426.0
me_matmul_00579_e3280055,f16->f16,f16,f16,256,4032,832,858783744,15090274500.0,23.43731630041559,375.0
me_matmul_00706_dc65f03d,f16->f16,f16,f16,320,1920,1408,865075200,16204102500.0,23.508530287865465,503.0
me_matmul_00581_c99c38e1,f16->f16,f16,f16,704,576,2304,934281216,31753278500.0,24.181261816796702,732.0
me_matmul_00585_9ebc0353,f16->f16,f16,f16,3520,320,832,937164800,51800676000.0,24.670669036319747,1248.0
me_matmul_00319_0a7ce50c,f16->f32,f16,f32,704,1280,1088,980418560,30619967500.0,24.144918165777607,642.0
me_matmul_00551_dc010c8c,f16->f16,f16,f16,1024,2176,448,998244352,15069295000.0,23.43592506680505,355.0
me_matmul_00240_d2505d35,f8E5M2->f32,f8E5M2,f32,512,3072,640,1006632960,14813383000.0,23.418796865879393,464.0
me_matmul_00687_fdac35a1,f16->f16,f16,f16,1216,320,2624,1021050880,56259945000.0,24.753248662403664,1194.0
me_matmul_00068_07c47247,f8E5M2->f32,f8E5M2,f32,640,896,1792,1027604480,33559694500.0,24.236591615405057,650.0
me_matmul_00591_3a72337f,f16->f16,f16,f16,256,1216,3328,1035993088,26311033000.0,23.993254193865635,632.0
me_matmul_00389_7daf9979,f16->f32,f16,f32,256,2752,1472,1037041664,24934883500.0,23.939533603786,590.0
me_matmul_00298_f4844d79,f16->f32,f16,f32,256,2112,1920,1038090240,28986598500.0,24.090099439432556,666.0
me_matmul_00725_9f84df39,f16->f16,f16,f16,2368,896,512,1086324736,26978094000.0,24.018291040308387,680.0
me_matmul_00543_dbabafe3,f16->f16,f16,f16,192,2752,2112,1115947008,23838224000.0,23.89455617972425,651.0
me_matmul_00662_d76e8e03,f16->f16,f16,f16,512,704,3200,1153433600,34698472500.0,24.269961502757397,832.0
me_matmul_00347_6a077fa7,f16->f32,f16,f32,512,1856,1216,1155530752,29065252500.0,24.09280922548673,641.0
me_matmul_00051_09082200,f8E5M2->f32,f8E5M2,f32,1280,2432,384,1195376640,19310494000.0,23.683914515659293,408.0
me_matmul_00282_16d4f099,f16->f32,f16,f32,1344,3520,256,1211105280,24667229000.0,23.928741438519914,590.0
me_matmul_00126_c85d93c8,f8E5M2->f32,f8E5M2,f32,256,1280,3712,1216348160,35498003000.0,24.292742278324365,750.0
me_matmul_00405_ec5f84d9,f16->f32,f16,f32,832,3264,448,1216610304,22265772500.0,23.826316470828953,557.0
me_matmul_00019_26cadb73,f8E5M2->f32,f8E5M2,f32,896,1536,896,1233125376,25634018000.0,23.967186134446198,586.0
me_matmul_00064_feab1cc2,f8E5M2->f32,f8E5M2,f32,2688,896,512,1233125376,43649048500.0,24.4994473205981,806.0
me_matmul_00433_aea36141,f16->f32,f16,f32,896,1536,896,1233125376,30439364500.0,24.139002492586616,770.0
me_matmul_00636_00200cad,f16->f16,f16,f16,448,1344,2048,1233125376,25451201500.0,23.960028789044685,634.0
me_matmul_00419_0b7c2abf,f16->f32,f16,f32,960,3584,384,1321205760,23641597500.0,23.886273603343277,572.0
me_matmul_00676_90f6b4d9,f16->f16,f16,f16,2112,1408,448,1332215808,24762871000.0,23.932611231191,650.0
me_matmul_00080_5ffab413,f8E5M2->f32,f8E5M2,f32,2048,2560,256,1342177280,23657751000.0,23.886956636033588,563.0
me_matmul_00263_9c09184c,f16->f32,f16,f32,1088,1216,1024,1354760192,44408822000.0,24.516703980341305,881.0
me_matmul_00639_a04c5340,f16->f16,f16,f16,1856,2880,256,1368391680,20832699000.0,23.759789656557107,643.0
me_matmul_00157_e97ce465,f8E5M2->f32,f8E5M2,f32,1920,1408,512,1384120320,33233304500.0,24.22681835764291,783.0
me_matmul_00207_296b440c,f8E5M2->f32,f8E5M2,f32,1920,1920,384,1415577600,24968350500.0,23.940874879784957,631.0
me_matmul_00131_5df1bd9d,f8E5M2->f32,f8E5M2,f32,1024,2176,640,1426063360,23630739500.0,23.88581422261958,537.0
me_matmul_00148_51284671,f8E5M2->f32,f8E5M2,f32,256,3072,2048,1610612736,28579356000.0,24.075950475954226,529.0
me_matmul_00231_473995e5,f8E5M2->f32,f8E5M2,f32,1024,1024,1536,1610612736,45271437500.0,24.535942151811053,918.0
me_matmul_00260_e2a7b4e9,f8E5M2->f32,f8E5M2,f32,1280,1664,768,1635778560,31844259000.0,24.184122951539994,639.0
me_matmul_00127_1612c105,f8E5M2->f32,f8E5M2,f32,768,2944,768,1736441856,22923896500.0,23.855445718706846,545.0
me_matmul_00043_8f56a84b,f8E5M2->f32,f8E5M2,f32,256,2048,3328,1744830464,37891793000.0,24.358000382050236,825.0
me_matmul_00033_f7be0a69,f8E5M2->f32,f8E5M2,f32,640,1152,2432,1793064960,47269125500.0,24.579123181474653,1002.0
me_matmul_00049_0c90e918,f8E5M2->f32,f8E5M2,f32,2304,3072,256,1811939328,27954717000.0,24.05385178796115,664.0
me_matmul_00193_3fc4a16a,f8E5M2->f32,f8E5M2,f32,1792,1152,896,1849688064,47105835000.0,24.575662715645944,979.0
me_matmul_00016_19e5c341,f8E5M2->f32,f8E5M2,f32,256,3712,2048,1946157056,31723429500.0,24.180321345775422,626.0
me_matmul_00200_ff0aa8a1,f8E5M2->f32,f8E5M2,f32,384,1792,2944,2025848832,41835196000.0,24.457003831755305,792.0
me_matmul_00101_76bfb226,f8E5M2->f32,f8E5M2,f32,512,3712,1152,2189426688,27332704500.0,24.03134978918035,662.0
me_matmul_00000_bef03e2f,f8E5M2->f32,f8E5M2,f32,2432,1792,512,2231369728,43109124500.0,24.48700051698613,1056.0
me_matmul_00003_c0ff4ced,f8E5M2->f32,f8E5M2,f32,1024,2944,768,2315255808,29838679500.0,24.119071358621827,629.0
me_matmul_00006_671f4ad1,f8E5M2->f32,f8E5M2,f32,2176,2944,384,2459959296,32961553000.0,24.218607658596124,721.0
me_matmul_00138_1c66f546,f8E5M2->f32,f8E5M2,f32,640,2560,1536,2516582400,36531210000.0,24.321432800665203,732.0
me_matmul_00115_c64b4828,f8E5M2->f32,f8E5M2,f32,1408,2688,768,2906652672,38194381000.0,24.365954247498685,853.0
